{
    "name": "root",
    "gauges": {
        "Modelo1_Exposito(2018).Policy.Entropy.mean": {
            "value": 1.3212682461016811e-05,
            "min": 1.3207645679358393e-05,
            "max": 1.9117493629455566,
            "count": 100
        },
        "Modelo1_Exposito(2018).Environment.EpisodeLength.mean": {
            "value": 12.297872340425531,
            "min": 1.724006532389766,
            "max": 17.54562383612663,
            "count": 100
        },
        "Modelo1_Exposito(2018).Policy.ExtrinsicValueEstimate.mean": {
            "value": 1.6164168119430542,
            "min": -1.2772732973098755,
            "max": 2.556349754333496,
            "count": 100
        },
        "Modelo1_Exposito(2018).Environment.CumulativeReward.mean": {
            "value": 11.276228419654714,
            "min": 0.7201197930846719,
            "max": 16.54730983302412,
            "count": 100
        },
        "Modelo1_Exposito(2018).Policy.ExtrinsicReward.mean": {
            "value": 11.276228419654714,
            "min": 0.7201197930846719,
            "max": 16.54730983302412,
            "count": 100
        },
        "Modelo1_Exposito(2018).Losses.ValueLoss.mean": {
            "value": 0.007307778112590313,
            "min": 0.007307778112590313,
            "max": 4.190378189086914,
            "count": 100
        },
        "Modelo1_Exposito(2018).Losses.PolicyLoss.mean": {
            "value": 0.1316782832145691,
            "min": 0.13086289167404175,
            "max": 0.26927343010902405,
            "count": 100
        },
        "Modelo1_Exposito(2018).Policy.LearningRate.mean": {
            "value": 2.2116880700195907e-06,
            "min": 2.2116880700195907e-06,
            "max": 0.0004974377807229757,
            "count": 100
        },
        "Modelo1_Exposito(2018).IsTraining.mean": {
            "value": 1.0,
            "min": 1.0,
            "max": 1.0,
            "count": 100
        }
    },
    "metadata": {
        "timer_format_version": "0.1.0",
        "start_time_seconds": "1601210111",
        "python_version": "3.7.9 (default, Aug 31 2020, 17:10:11) [MSC v.1916 64 bit (AMD64)]",
        "command_line_arguments": "C:\\Users\\ricar\\anaconda3\\envs\\ml-agents-tesis\\Scripts\\mlagents-learn config/trainer_config.yaml --run-id Modelo1",
        "mlagents_version": "0.16.0",
        "mlagents_envs_version": "0.16.0",
        "communication_protocol_version": "1.0.0",
        "tensorflow_version": "2.3.0",
        "end_time_seconds": "1601253407"
    },
    "total": 43296.7044479,
    "count": 1,
    "self": 29.489564800009248,
    "children": {
        "run_training.setup": {
            "total": 0.2652088999999975,
            "count": 1,
            "self": 0.2652088999999975
        },
        "TrainerController.start_learning": {
            "total": 43266.9496742,
            "count": 1,
            "self": 510.55957670068165,
            "children": {
                "TrainerController._reset_env": {
                    "total": 22.8349383,
                    "count": 1,
                    "self": 22.8349383
                },
                "TrainerController.advance": {
                    "total": 42693.71649209931,
                    "count": 1065847,
                    "self": 21.32899229649047,
                    "children": {
                        "env_step": {
                            "total": 42672.38749980282,
                            "count": 1065847,
                            "self": 40683.85073300518,
                            "children": {
                                "SubprocessEnvManager._take_step": {
                                    "total": 1965.541109900569,
                                    "count": 1065847,
                                    "self": 53.73361890208639,
                                    "children": {
                                        "NNPolicy.evaluate": {
                                            "total": 1911.8074909984825,
                                            "count": 1000007,
                                            "self": 1911.8074909984825
                                        }
                                    }
                                },
                                "workers": {
                                    "total": 22.995656897070205,
                                    "count": 1065847,
                                    "self": 0.0,
                                    "children": {
                                        "worker_root": {
                                            "total": 43185.286826896896,
                                            "count": 1065847,
                                            "is_parallel": true,
                                            "self": 4523.523861696158,
                                            "children": {
                                                "steps_from_proto": {
                                                    "total": 0.04609800000000064,
                                                    "count": 1,
                                                    "is_parallel": true,
                                                    "self": 0.0034948999999997454,
                                                    "children": {
                                                        "_process_vector_observation": {
                                                            "total": 0.04260310000000089,
                                                            "count": 2,
                                                            "is_parallel": true,
                                                            "self": 0.04260310000000089
                                                        }
                                                    }
                                                },
                                                "UnityEnvironment.step": {
                                                    "total": 38661.71686720074,
                                                    "count": 1065847,
                                                    "is_parallel": true,
                                                    "self": 154.02459300185728,
                                                    "children": {
                                                        "UnityEnvironment._generate_step_input": {
                                                            "total": 102.26644480007451,
                                                            "count": 1065847,
                                                            "is_parallel": true,
                                                            "self": 102.26644480007451
                                                        },
                                                        "communicator.exchange": {
                                                            "total": 38006.770203998814,
                                                            "count": 1065847,
                                                            "is_parallel": true,
                                                            "self": 38006.770203998814
                                                        },
                                                        "steps_from_proto": {
                                                            "total": 398.6556253999967,
                                                            "count": 1065847,
                                                            "is_parallel": true,
                                                            "self": 246.14549360251064,