{
    "name": "root",
    "gauges": {
        "Modelo7_Propuesta4.Policy.Entropy.mean": {
            "value": 0.7303013801574707,
            "min": 0.7303013801574707,
            "max": 2.196950912475586,
            "count": 25
        },
        "Modelo7_Propuesta4.Environment.EpisodeLength.mean": {
            "value": 18.137667304015295,
            "min": 0.7154373927958834,
            "max": 18.137667304015295,
            "count": 25
        },
        "Modelo7_Propuesta4.Policy.ExtrinsicValueEstimate.mean": {
            "value": 5.904482841491699,
            "min": -0.02632443793118,
            "max": 5.904482841491699,
            "count": 25
        },
        "Modelo7_Propuesta4.Environment.CumulativeReward.mean": {
            "value": 17.1395793499044,
            "min": -0.2847829816435066,
            "max": 17.1395793499044,
            "count": 25
        },
        "Modelo7_Propuesta4.Policy.ExtrinsicReward.mean": {
            "value": 17.1395793499044,
            "min": -0.2847829816435066,
            "max": 17.1395793499044,
            "count": 25
        },
        "Modelo7_Propuesta4.IsTraining.mean": {
            "value": 1.0,
            "min": 1.0,
            "max": 1.0,
            "count": 25
        },
        "Modelo7_Propuesta4.Losses.ValueLoss.mean": {
            "value": 8.09432601928711,
            "min": 5.4020490646362305,
            "max": 29.41931915283203,
            "count": 24
        },
        "Modelo7_Propuesta4.Losses.PolicyLoss.mean": {
            "value": 0.02179284766316414,
            "min": 0.017719022929668427,
            "max": 0.16196393966674805,
            "count": 24
        },
        "Modelo7_Propuesta4.Policy.LearningRate.mean": {
            "value": 4.8660011088941246e-05,
            "min": 4.8660011088941246e-05,
            "max": 0.0028771082870662212,
            "count": 24
        }
    },
    "metadata": {
        "timer_format_version": "0.1.0",
        "start_time_seconds": "1601583415",
        "python_version": "3.7.9 (default, Aug 31 2020, 17:10:11) [MSC v.1916 64 bit (AMD64)]",
        "command_line_arguments": "C:\\Users\\ricar\\anaconda3\\envs\\ml-agents-tesis\\Scripts\\mlagents-learn config/trainer_config.yaml --run-id Modelo7",
        "mlagents_version": "0.16.0",
        "mlagents_envs_version": "0.16.0",
        "communication_protocol_version": "1.0.0",
        "tensorflow_version": "2.3.0",
        "end_time_seconds": "1601597146"
    },
    "total": 13731.1889728,
    "count": 1,
    "self": 15.859168500001033,
    "children": {
        "run_training.setup": {
            "total": 0.2464972000000003,
            "count": 1,
            "self": 0.2464972000000003
        },
        "TrainerController.start_learning": {
            "total": 13715.0833071,
            "count": 1,
            "self": 141.07225149978512,
            "children": {
                "TrainerController._reset_env": {
                    "total": 24.472158299999997,
                    "count": 1,
                    "self": 24.472158299999997
                },
                "TrainerController.advance": {
                    "total": 13538.454992800216,
                    "count": 274522,
                    "self": 5.7370711001076415,
                    "children": {
                        "env_step": {
                            "total": 13532.717921700108,
                            "count": 274522,
                            "self": 13023.202128099914,
                            "children": {
                                "SubprocessEnvManager._take_step": {
                                    "total": 503.4369127002906,
                                    "count": 274522,
                                    "self": 14.288121300572243,
                                    "children": {
                                        "NNPolicy.evaluate": {
                                            "total": 489.14879139971833,
                                            "count": 250022,
                                            "self": 489.14879139971833
                                        }
                                    }
                                },
                                "workers": {
                                    "total": 6.0788808999027495,
                                    "count": 274522,
                                    "self": 0.0,
                                    "children": {
                                        "worker_root": {
                                            "total": 13672.293620499884,
                                            "count": 274522,
                                            "is_parallel": true,
                                            "self": 1170.544989199856,
                                            "children": {
                                                "steps_from_proto": {
                                                    "total": 0.10389709999999752,
                                                    "count": 1,
                                                    "is_parallel": true,
                                                    "self": 0.002441999999994948,
                                                    "children": {
                                                        "_process_vector_observation": {
                                                            "total": 0.10145510000000257,
                                                            "count": 2,
                                                            "is_parallel": true,
                                                            "self": 0.10145510000000257
                                                        }
                                                    }
                                                },
                                                "UnityEnvironment.step": {
                                                    "total": 12501.644734200028,
                                                    "count": 274522,
                                                    "is_parallel": true,
                                                    "self": 41.67604069999106,
                                                    "children": {
                                                        "UnityEnvironment._generate_step_input": {
                                                            "total": 27.522995599962147,
                                                            "count": 274522,
                                                            "is_parallel": true,
                                                            "self": 27.522995599962147
                                                        },
                                                        "communicator.exchange": {
                                                            "total": 12327.5556968001,
                                                            "count": 274522,
                                                            "is_parallel": true,
                                                            "self": 12327.5556968001
                                                        },
                                                        "steps_from_proto": {
                                                            "total": 104.89000109997457,
                                                            "count": 274522,
                                                            "is_parallel": true,
                                                            "self": 64.392934099923,