{
    "name": "root",
    "gauges": {
        "Modelo4_Propuesta1.Policy.Entropy.mean": {
            "value": 0.4305368959903717,
            "min": 0.39562541246414185,
            "max": 1.9619801044464111,
            "count": 20
        },
        "Modelo4_Propuesta1.Environment.EpisodeLength.mean": {
            "value": 18.74901185770751,
            "min": 1.8379144233493907,
            "max": 18.766798418972332,
            "count": 20
        },
        "Modelo4_Propuesta1.Policy.ExtrinsicValueEstimate.mean": {
            "value": 2.585404396057129,
            "min": 0.08810160309076309,
            "max": 2.614875555038452,
            "count": 20
        },
        "Modelo4_Propuesta1.Environment.CumulativeReward.mean": {
            "value": 17.75098814229249,
            "min": 0.8333333333333334,
            "max": 17.768774703557312,
            "count": 20
        },
        "Modelo4_Propuesta1.Policy.ExtrinsicReward.mean": {
            "value": 17.75098814229249,
            "min": 0.8333333333333334,
            "max": 17.768774703557312,
            "count": 20
        },
        "Modelo4_Propuesta1.Losses.ValueLoss.mean": {
            "value": 0.09727812558412552,
            "min": 0.09204187244176865,
            "max": 3.1862010955810547,
            "count": 20
        },
        "Modelo4_Propuesta1.Losses.PolicyLoss.mean": {
            "value": 0.13184542953968048,
            "min": 0.1306920051574707,
            "max": 0.1458672285079956,
            "count": 20
        },
        "Modelo4_Propuesta1.Policy.LearningRate.mean": {
            "value": 6.670606580883032e-06,
            "min": 6.670606580883032e-06,
            "max": 0.00029231366352178156,
            "count": 20
        },
        "Modelo4_Propuesta1.IsTraining.mean": {
            "value": 1.0,
            "min": 1.0,
            "max": 1.0,
            "count": 20
        }
    },
    "metadata": {
        "timer_format_version": "0.1.0",
        "start_time_seconds": "1601491548",
        "python_version": "3.7.9 (default, Aug 31 2020, 17:10:11) [MSC v.1916 64 bit (AMD64)]",
        "command_line_arguments": "C:\\Users\\ricar\\anaconda3\\envs\\ml-agents-tesis\\Scripts\\mlagents-learn config/trainer_config.yaml --run-id Modelo4",
        "mlagents_version": "0.16.0",
        "mlagents_envs_version": "0.16.0",
        "communication_protocol_version": "1.0.0",
        "tensorflow_version": "2.3.0",
        "end_time_seconds": "1601500983"
    },
    "total": 9435.2636151,
    "count": 1,
    "self": 10.525192099999913,
    "children": {
        "run_training.setup": {
            "total": 1.5564913999999987,
            "count": 1,
            "self": 1.5564913999999987
        },
        "TrainerController.start_learning": {
            "total": 9423.1819316,
            "count": 1,
            "self": 109.04090849994827,
            "children": {
                "TrainerController._reset_env": {
                    "total": 30.526488299999997,
                    "count": 1,
                    "self": 30.526488299999997
                },
                "TrainerController.advance": {
                    "total": 9279.00612420005,
                    "count": 212247,
                    "self": 4.171333699758179,
                    "children": {
                        "env_step": {
                            "total": 9274.834790500292,
                            "count": 212247,
                            "self": 9044.471493300442,
                            "children": {
                                "SubprocessEnvManager._take_step": {
                                    "total": 225.7594893999408,
                                    "count": 212247,
                                    "self": 9.878229000006598,
                                    "children": {
                                        "NNPolicy.evaluate": {
                                            "total": 215.8812603999342,
                                            "count": 200009,
                                            "self": 215.8812603999342
                                        }
                                    }
                                },
                                "workers": {
                                    "total": 4.603807799908807,
                                    "count": 212247,
                                    "self": 0.0,
                                    "children": {
                                        "worker_root": {
                                            "total": 9378.260696400093,
                                            "count": 212247,
                                            "is_parallel": true,
                                            "self": 717.0009115000175,
                                            "children": {
                                                "steps_from_proto": {
                                                    "total": 0.04509090000000171,
                                                    "count": 1,
                                                    "is_parallel": true,
                                                    "self": 0.0025670000000026505,
                                                    "children": {
                                                        "_process_vector_observation": {
                                                            "total": 0.04252389999999906,
                                                            "count": 2,
                                                            "is_parallel": true,
                                                            "self": 0.04252389999999906
                                                        }
                                                    }
                                                },
                                                "UnityEnvironment.step": {
                                                    "total": 8661.214694000077,
                                                    "count": 212247,
                                                    "is_parallel": true,
                                                    "self": 31.98227540055268,
                                                    "children": {
                                                        "UnityEnvironment._generate_step_input": {
                                                            "total": 21.36044299978878,
                                                            "count": 212247,
                                                            "is_parallel": true,
                                                            "self": 21.36044299978878
                                                        },
                                                        "communicator.exchange": {
                                                            "total": 8526.169302899785,
                                                            "count": 212247,
                                                            "is_parallel": true,
                                                            "self": 8526.169302899785
                                                        },
                                                        "steps_from_proto": {
                                                            "total": 81.70267269995006,
                                                            "count": 212247,
                                                            "is_parallel": true,
                                                            "self": 50.3002471997925,